EmpID,FirstName,LastName,StartDate,ExitDate,Title,Supervisor,ADEmail,BusinessUnit,EmployeeStatus,EmployeeType,PayZone,EmployeeClassificationType,TerminationType,TerminationDescription,DepartmentType,Division,DOB,State,JobFunctionDescription,GenderCode,LocationCode,RaceDesc,MaritalDesc,Performance Score,Current Employee Rating,Exception_Count,Exception_Types,Payroll_Status
2643,Katelyn,Brown,15-Apr-22,10-Oct-22,Area Sales Manager,Deborah Stephens,katelyn.brown@bilearner.com,EW,Active,Full-Time,Zone A,Temporary,Voluntary,Likely debate ever college strategy way can.,Sales,Wireline Construction,24-12-1966,TN,Clerical,Male,60277,Black,Divorced,Fully Meets,5,0,No Exception,Ready for Payroll
3179,Amya,Armstrong,23-Dec-20,17-Mar-21,Production Technician II,Victoria Thomas,amya.armstrong@bilearner.com,TNS,Active,Full-Time,Zone C,Full-Time,Voluntary,Assume none mother note poor indeed.,Production       ,Field Operations,22-12-1941,MA,Lineman,Male,96822,Black,Divorced,Fully Meets,2,0,No Exception,Ready for Payroll
2104,Andre,Fields,14-Sep-20,,Production Technician I,Ana Trujillo,andre.fields@bilearner.com,TNS,Active,Contract,Zone A,Temporary,Unk,,Production       ,Field Operations,19-08-1949,MA,Laborer,Female,73771,Hispanic,Widowed,Exceeds,2,1,Device Failure,Review Required
2492,Natalya,Norman,20-Jul-19,,Software Engineer,Catherine Peterson,natalya.norman@bilearner.com,CCDR,Active,Full-Time,Zone C,Temporary,Unk,,Software Engineering,General - Con,04-12-1957,MA,Laborer,Male,34504,White,Married,Fully Meets,2,0,No Exception,Ready for Payroll
3750,Micaela,Conner,17-Feb-20,,Production Technician I,Sheryl Curtis,micaela.conner@bilearner.com,MSC,Active,Full-Time,Zone C,Part-Time,Unk,,Production       ,Engineers,16-02-1955,MA,Engineer,Male,49299,Black,Single,Fully Meets,1,0,No Exception,Ready for Payroll
3876,Alana,Castro,24-Oct-21,,Principal Data Architect,Deborah Bell,alana.castro@bilearner.com,CCDR,Active,Contract,Zone C,Temporary,Unk,,IT/IS,General - Con,30-05-1954,MA,Lineman,Female,70578,Hispanic,Single,PIP,3,0,No Exception,Ready for Payroll
2394,Harold,David,25-Apr-22,23-Jun-23,Production Manager,Patty Boyd,harold.david@bilearner.com,PL,Active,Full-Time,Zone C,Full-Time,Involuntary,Else condition director woman unit.,Production       ,Field Operations,17-09-1980,MA,Laborer,Male,57850,White,Single,Fully Meets,2,0,No Exception,Ready for Payroll
2434,Liam,Blevins,14-Jan-23,07-May-23,Production Manager,Melissa Rice,liam.blevins@bilearner.com,TNS,Active,Part-Time,Zone A,Full-Time,Involuntary,Dog dark piece where ask low away.,Production       ,General - Con,22-09-1991,MA,Foreman,Male,34702,Asian,Single,Fully Meets,5,0,No Exception,Ready for Payroll
3728,Aydan,Robbins,23-Dec-21,,Production Technician I,Tamara Grant,aydan.robbins@bilearner.com,TNS,Active,Contract,Zone A,Part-Time,Unk,,Production       ,Splicing,07-02-1967,MA,Laborer,Male,39843,Hispanic,Divorced,Fully Meets,5,1,Missing Clock Out,Review Required
2759,Rick,Stoica,26-Aug-18,,Production Technician I,Mrs. Megan Booker,rick.stoica@bilearner.com,PYZ,Active,Full-Time,Zone B,Full-Time,Unk,,Production       ,Aerial,04-05-1989,MA,Lineman,Male,2301,White,Divorced,Fully Meets,2,1,Missing Clock Out,Review Required
2760,Adil,Sahoo,06-Dec-20,26-Aug-22,Production Technician II,Alexis Shaw,adil.sahoo@bilearner.com,BPC,Active,Part-Time,Zone B,Temporary,Voluntary,Keep position nature most anything eat blue.,Production       ,Fielders,20-07-1969,MA,Engineer,Male,2062,Other,Single,Fully Meets,2,1,Missing Clock Out,Review Required
2956,Aarav,Espinoza,11-Nov-19,,Production Technician I,David Ali,aarav.espinoza@bilearner.com,WBL,Active,Part-Time,Zone C,Full-Time,Unk,,Production       ,Engineers,15-12-1999,MA,Project Manager,Male,51029,Hispanic,Widowed,Fully Meets,2,1,Missing Clock Out,Review Required
2585,Mike,Guilianno,04-Jun-21,,Area Sales Manager,Martha Stone,mike.guilianno@bilearner.com,PYZ,Active,Contract,Zone A,Temporary,Unk,,Sales,General - Con,21-05-2001,TN,Laborer,Male,37129,Asian,Divorced,Fully Meets,2,0,No Exception,Ready for Payroll
3984,Christine,Skinner,10-Feb-22,08-Jun-22,Database Administrator,Thomas Ramirez,christine.skinner@bilearner.com,EW,Active,Contract,Zone B,Full-Time,Retirement,If require particularly civil.,IT/IS,Wireline Construction,23-07-1963,TX,Laborer,Female,67986,Hispanic,Single,Fully Meets,3,0,No Exception,Ready for Payroll
2619,Carlo,Giles,17-Jun-20,08-Feb-22,Area Sales Manager,Alexandria Brown,carlo.giles@bilearner.com,WBL,Active,Contract,Zone A,Temporary,Involuntary,Use stay among place dinner.,Sales,Field Operations,06-04-1946,MA,Laborer,Male,36412,Hispanic,Divorced,Fully Meets,5,0,No Exception,Ready for Payroll
2221,Cedric,Sawyer,31-May-19,,IT Support,Megan Walker,cedric.sawyer@bilearner.com,MSC,Active,Contract,Zone C,Part-Time,Unk,,IT/IS,Field Operations,14-11-1993,MA,Laborer,Female,49637,Hispanic,Single,Exceeds,4,1,Duplicate Punch,Review Required
1967,Dawn,Motlagh,29-Jan-19,,Production Technician I,Molly Freeman,dawn.motlagh@bilearner.com,PL,Active,Part-Time,Zone A,Part-Time,Unk,,Production       ,General - Con,11-12-1994,MA,Flagger,Female,2453,Other,Single,Fully Meets,3,0,No Exception,Ready for Payroll
2792,Diamond,Mcclain,24-Feb-23,,Production Technician I,Robert Nguyen,diamond.mcclain@bilearner.com,NEL,Active,Part-Time,Zone A,Temporary,Unk,,Production       ,Engineers,10-05-1953,MA,Technician,Male,19908,Black,Single,Fully Meets,1,0,No Exception,Ready for Payroll
1077,Derek,Moreno,02-Feb-19,,Software Engineer,Allison Jacobs,derek.moreno@bilearner.com,TNS,Active,Contract,Zone B,Temporary,Unk,,Software Engineering,Wireless,10-05-1992,MA,Foreman,Female,97585,Black,Single,Fully Meets,3,0,No Exception,Ready for Payroll
2399,Brice,Phillips,25-May-23,31-Jul-23,Production Manager,Brian Peters,brice.phillips@bilearner.com,PYZ,Active,Full-Time,Zone B,Part-Time,Retirement,Else big job administration.,Production       ,Wireline Construction,13-06-1958,MA,Driver,Male,2777,White,Married,Fully Meets,4,0,No Exception,Ready for Payroll
3266,Max,Mahoney,24-Jul-20,,Production Technician I,Andrew Garcia,max.mahoney@bilearner.com,CCDR,Active,Contract,Zone A,Full-Time,Unk,,Production       ,Wireline Construction,23-08-1996,MA,Laborer,Female,22339,Black,Married,Fully Meets,2,0,No Exception,Ready for Payroll
1038,Courtney,Cowan,18-Jan-23,,Software Engineer,Beth Anderson,courtney.cowan@bilearner.com,SVG,Active,Contract,Zone B,Part-Time,Unk,,Software Engineering,Field Operations,04-05-1971,MA,Crew Leader,Male,14886,Hispanic,Married,Fully Meets,3,0,No Exception,Ready for Payroll
3384,Dennis,Hays,07-Mar-19,,Production Technician I,Rachel Rice,dennis.hays@bilearner.com,WBL,Active,Full-Time,Zone C,Full-Time,Unk,,Production       ,Field Operations,18-07-1991,MA,Operator,Female,26286,Hispanic,Married,Fully Meets,3,0,No Exception,Ready for Payroll
2645,Breanna,Kerr,02-Jul-20,,Area Sales Manager,Nicholas Martinez,breanna.kerr@bilearner.com,TNS,Active,Contract,Zone C,Temporary,Unk,,Sales,Wireline Construction,27-06-1947,TN,Manager,Male,22815,Asian,Married,Fully Meets,4,0,No Exception,Ready for Payroll
3742,Gabriel,Pearson,22-Sep-21,15-May-23,Production Technician II,Ryan Anderson,gabriel.pearson@bilearner.com,PYZ,Active,Contract,Zone A,Temporary,Resignation,Wait small thing staff.,Production       ,Field Operations,12-09-1981,MA,Manager,Female,81011,Asian,Married,Fully Meets,2,0,No Exception,Ready for Payroll
2548,Luz,Garza,14-Nov-18,08-Jul-21,BI Developer,Brittany Johnson,luz.garza@bilearner.com,PYZ,Active,Contract,Zone A,Temporary,Resignation,Win onto effect security instead.,IT/IS,General - Sga,16-02-1954,MA,Manager,Female,70770,Other,Divorced,Fully Meets,1,0,No Exception,Ready for Payroll
1227,Hailey,Mckay,22-Aug-19,06-Jun-22,Production Technician I,Hannah Davis,hailey.mckay@bilearner.com,TNS,Active,Part-Time,Zone C,Part-Time,Voluntary,Relate size according two board.,Production       ,Billable Consultants,21-03-1987,MA,Engineer,Female,89365,Other,Divorced,Fully Meets,3,0,No Exception,Ready for Payroll
3938,Lori,Roby,20-Apr-20,,Data Analyst,Brittany Evans,lori.roby@bilearner.com,BPC,Active,Part-Time,Zone B,Temporary,Unk,,IT/IS,Field Operations,28-05-1955,MA,Tower Hand,Female,1886,Hispanic,Married,Fully Meets,3,0,No Exception,Ready for Payroll
3076,Omari,Keller,26-Apr-23,,Production Technician II,Daniel Smith,omari.keller@bilearner.com,PYZ,Active,Part-Time,Zone C,Full-Time,Unk,,Production       ,General - Con,26-05-1998,MA,Foreman,Male,3738,White,Married,Fully Meets,5,0,No Exception,Ready for Payroll
1526,Ashtyn,Huynh,23-Apr-21,,Production Technician I,Seth Parks,ashtyn.huynh@bilearner.com,CCDR,Active,Contract,Zone B,Full-Time,Unk,,Production       ,Field Operations,04-04-1987,MA,Foreman,Female,13579,Other,Divorced,Fully Meets,3,0,No Exception,Ready for Payroll
2990,Alfredo,Perry,21-Apr-19,,Production Technician I,Wesley Pearson,alfredo.perry@bilearner.com,PYZ,Active,Full-Time,Zone C,Part-Time,Unk,,Production       ,General - Con,28-05-1999,MA,Laborer,Female,64116,White,Single,Fully Meets,2,1,Missing Clock Out,Review Required
3542,Ellie,Gill,15-Apr-23,,Area Sales Manager,Amanda Knight,ellie.gill@bilearner.com,EW,Active,Contract,Zone A,Temporary,Unk,,Sales,Field Operations,01-03-1948,IN,Manager,Male,45456,White,Married,Needs Improvement,1,0,No Exception,Ready for Payroll
1042,Milo,Hood,16-Jul-22,,Software Engineer,Cheryl Swanson,milo.hood@bilearner.com,PYZ,Active,Contract,Zone B,Temporary,Unk,,Software Engineering,Field Operations,18-08-1942,MA,Driller,Male,96170,Black,Widowed,Fully Meets,3,2,"Duplicate Punch, Missing Clock Out",Review Required
1353,Noe,Mann,15-Sep-20,06-Jan-22,Sr. Network Engineer,Felicia Bailey,noe.mann@bilearner.com,WBL,Active,Part-Time,Zone A,Temporary,Involuntary,Will message south game.,IT/IS,Field Operations,04-03-1946,MA,Supervisor,Male,48891,White,Single,Fully Meets,3,1,Duplicate Punch,Review Required
3661,Reagan,Brennan,28-Feb-22,05-Sep-22,Production Technician I,Denise Roman,reagan.brennan@bilearner.com,MSC,Active,Contract,Zone C,Temporary,Involuntary,Decide group difference decide.,Production       ,Executive,22-05-1952,MA,Vp,Male,21624,Asian,Married,Fully Meets,3,0,No Exception,Ready for Payroll
2220,Lilah,Harrison,17-Sep-22,,IT Support,Charles Johnson,lilah.harrison@bilearner.com,EW,Active,Contract,Zone B,Temporary,Unk,,IT/IS,General - Eng,03-09-1961,MA,Engineer,Female,30879,Asian,Married,Exceeds,4,2,"Duplicate Punch, Missing Clock Out",Review Required
2409,Kaitlin,Cooke,06-Feb-20,,Data Analyst ,Robert Wilson,kaitlin.cooke@bilearner.com,TNS,Active,Full-Time,Zone B,Full-Time,Unk,,IT/IS,Engineers,30-10-1996,MA,Program Manager,Female,91289,White,Single,Fully Meets,4,0,No Exception,Ready for Payroll
1797,Clara,Wheeler,13-Oct-20,09-Nov-22,Production Technician I,Jennifer Harrington,clara.wheeler@bilearner.com,NEL,Active,Full-Time,Zone A,Full-Time,Voluntary,Us do by over. Source today then between.,Production       ,General - Con,18-09-1987,MA,Laborer,Female,63255,Hispanic,Widowed,Fully Meets,3,0,No Exception,Ready for Payroll
3300,Rosemary,Becker,25-Mar-21,08-May-22,Production Technician II,Mr. Gregory Mullins MD,rosemary.becker@bilearner.com,NEL,Active,Full-Time,Zone B,Part-Time,Resignation,Artist message call such.,Production       ,Field Operations,27-11-1946,MA,Technician,Male,73771,White,Married,Fully Meets,2,1,Missing Clock Out,Review Required
2646,Saniya,Ho,04-Aug-19,,Area Sales Manager,Cathy Whitehead,saniya.ho@bilearner.com,PYZ,Active,Contract,Zone A,Part-Time,Unk,,Sales,Project Management - Con,17-06-2001,ID,Manager,Male,87653,Black,Widowed,Fully Meets,1,0,No Exception,Ready for Payroll
2778,Javon,Mckenzie,02-Dec-20,,Production Technician I,Raymond Burton,javon.mckenzie@bilearner.com,WBL,Active,Part-Time,Zone C,Temporary,Unk,,Production       ,Wireless,28-02-1955,MA,Foreman,Male,33896,Asian,Divorced,Fully Meets,5,0,No Exception,Ready for Payroll
2567,Sylvia,Price,22-Dec-22,26-Jul-23,IT Manager - Infra,Christy Cunningham,sylvia.price@bilearner.com,CCDR,Active,Full-Time,Zone B,Part-Time,Voluntary,Dream quickly relationship involve enough name.,IT/IS,Field Operations,15-10-1959,MA,Foreman,Male,51819,Black,Widowed,Fully Meets,5,0,No Exception,Ready for Payroll
1402,Linda,Bachiochi,10-Sep-21,,Production Technician I,Kirk Brooks,linda.bachiochi@bilearner.com,MSC,Active,Full-Time,Zone B,Full-Time,Unk,,Production       ,General - Sga,12-10-1988,MA,Technician,Female,1902,White,Divorced,Exceeds,3,0,No Exception,Ready for Payroll
3494,Cohen,Raymond,18-Jun-20,,Area Sales Manager,Jacob Snyder,cohen.raymond@bilearner.com,SVG,Active,Contract,Zone B,Full-Time,Unk,,Sales,General - Con,08-02-1994,CO,Technician,Male,90983,Black,Single,Fully Meets,4,0,No Exception,Ready for Payroll
3558,Mildred,Gentry,30-Dec-18,,Production Technician I,Erin Moore,mildred.gentry@bilearner.com,MSC,Active,Part-Time,Zone A,Part-Time,Unk,,Production       ,Yard (Material Handling),04-06-1959,MA,Manager,Female,2145,Black,Single,Fully Meets,1,0,No Exception,Ready for Payroll
3884,Gilberto,Macdonald,02-Feb-19,,IT Support,Barbara Skinner,gilberto.macdonald@bilearner.com,CCDR,Active,Full-Time,Zone B,Temporary,Unk,,IT/IS,Engineers,27-04-1987,MA,Engineer,Female,96985,Black,Widowed,Fully Meets,3,0,No Exception,Ready for Payroll
2503,Ally,Goodman,26-Dec-21,29-Jan-22,IT Manager - DB,Sean Wong,ally.goodman@bilearner.com,PL,Active,Contract,Zone C,Temporary,Voluntary,Determine yes action college.,IT/IS,General - Con,23-12-1949,MA,Clerk,Male,6113,White,Married,Fully Meets,5,0,No Exception,Ready for Payroll
2008,Kaila,Johnston,15-Jul-19,13-Jan-20,Production Technician I,Michelle Taylor,kaila.johnston@bilearner.com,BPC,Active,Part-Time,Zone A,Temporary,Voluntary,Follow yourself child to foot.,Production       ,Field Operations,03-09-1941,MA,Lineman,Female,67443,Asian,Widowed,Fully Meets,3,0,No Exception,Ready for Payroll
3991,Talan,Rodgers,10-Apr-23,,Sr. Accountant,Ashley Cervantes,talan.rodgers@bilearner.com,BPC,Active,Contract,Zone B,Full-Time,Unk,,IT/IS,Project Management - Con,09-03-1974,MA,Coordinator,Male,89576,Black,Single,Fully Meets,3,1,Missing Clock Out,Review Required
2861,Judith,Savage,06-Oct-18,,Production Technician I,Sharon Jones,judith.savage@bilearner.com,MSC,Active,Full-Time,Zone C,Full-Time,Unk,,Production       ,General - Con,13-07-1986,MA,Technician,Male,31403,White,Widowed,Fully Meets,2,0,No Exception,Ready for Payroll
2598,Yesenia,Payne,08-Jan-20,,Area Sales Manager,Brian Scott,yesenia.payne@bilearner.com,PL,Active,Part-Time,Zone A,Temporary,Unk,,Sales,General - Con,05-09-1964,ID,Splicer,Male,8573,Asian,Divorced,Fully Meets,4,0,No Exception,Ready for Payroll
1338,Rogelio,Flores,30-Sep-20,,Sr. Network Engineer,Stephen Ray,rogelio.flores@bilearner.com,BPC,Active,Contract,Zone C,Part-Time,Unk,,Admin Offices,Shop (Fleet),14-03-1988,MA,Mechanic,Male,90987,Other,Widowed,Fully Meets,3,0,No Exception,Ready for Payroll
2636,Gwendolyn,Hogan,13-Sep-18,04-Nov-20,Area Sales Manager,Jason Hayes,gwendolyn.hogan@bilearner.com,PYZ,Active,Full-Time,Zone B,Temporary,Resignation,Almost across fly recent go.,Sales,General - Eng,20-11-1970,MA,Technician,Male,12113,Asian,Married,Fully Meets,5,0,No Exception,Ready for Payroll
3160,Baylee,Warner,06-Mar-19,,Production Technician II,Madeline Henderson,baylee.warner@bilearner.com,NEL,Active,Full-Time,Zone A,Part-Time,Unk,,Production       ,Splicing,18-04-1951,MA,Splicer,Female,69293,Other,Single,Exceeds,4,0,No Exception,Ready for Payroll
1254,Alyvia,Sellers,22-Jun-20,,Production Technician II,Tracy Ramos,alyvia.sellers@bilearner.com,WBL,Active,Contract,Zone B,Full-Time,Unk,,Production       ,General - Con,07-06-1950,MA,Groundman,Female,87263,White,Married,Fully Meets,3,1,Device Failure,Review Required
2991,Skyler,Drake,13-Mar-20,,Production Technician I,Daniel Rowe,skyler.drake@bilearner.com,WBL,Active,Contract,Zone A,Full-Time,Unk,,Production       ,General - Con,17-03-1999,MA,Technician,Female,5676,White,Single,Exceeds,2,1,Device Failure,Review Required
1486,Soren,Merritt,07-Mar-19,,Production Technician I,Christopher Smith,soren.merritt@bilearner.com,BPC,Active,Part-Time,Zone A,Full-Time,Unk,,Production       ,Engineers,13-05-1999,MA,Engineer,Female,53726,Hispanic,Divorced,Fully Meets,3,0,No Exception,Ready for Payroll
1050,Steven,Schneider,23-Nov-20,,Software Engineer,Jerry Suarez,steven.schneider@bilearner.com,TNS,Active,Contract,Zone B,Temporary,Unk,,Software Engineering,Finance & Accounting,04-07-1993,MA,Accounting,Male,64114,Black,Widowed,Fully Meets,3,0,No Exception,Ready for Payroll
2657,Trace,Brandt,23-Nov-21,20-Jul-22,Area Sales Manager,Jeffrey Hodge,trace.brandt@bilearner.com,BPC,Active,Contract,Zone B,Temporary,Voluntary,Decision decade approach.,Sales,Isp,06-06-1995,AZ,Manager,Male,27097,White,Widowed,Fully Meets,2,0,No Exception,Ready for Payroll
3479,Sarai,Stone,02-Aug-22,02-Apr-23,Area Sales Manager,Madison Wilson,sarai.stone@bilearner.com,NEL,Active,Contract,Zone A,Part-Time,Involuntary,Somebody great could yet.,Sales,Project Management - Con,17-05-1962,TX,Technician,Female,96336,Hispanic,Widowed,Fully Meets,2,0,No Exception,Ready for Payroll
1092,Sophia,Theamstern,12-Jul-22,,Production Technician I,Martin Jackson,sophia.theamstern@bilearner.com,PYZ,Active,Part-Time,Zone C,Full-Time,Unk,,Production       ,Field Operations,27-01-1970,MA,Clerk,Female,2066,Hispanic,Divorced,Fully Meets,3,0,No Exception,Ready for Payroll
2407,Lamont,Prince,06-Oct-19,14-Apr-23,Data Analyst,Gary Gray,lamont.prince@bilearner.com,EW,Active,Full-Time,Zone C,Temporary,Involuntary,Throughout thank respond direction.,Production       ,Finance & Accounting,17-04-1953,MA,Clerk,Male,47723,Other,Widowed,Fully Meets,4,0,No Exception,Ready for Payroll
1746,Brad,Pitt,23-Apr-20,07-Jan-22,Production Technician I,Joshua Gonzalez,brad.pitt@bilearner.com,WBL,Active,Full-Time,Zone A,Full-Time,Voluntary,Them security hit decide.,Production       ,General - Sga,06-04-1962,MA,Vp,Male,2451,Hispanic,Widowed,Fully Meets,3,0,No Exception,Ready for Payroll
2246,Britney,Logan,14-Oct-20,10-Apr-22,IT Manager - DB,Paul Robertson,britney.logan@bilearner.com,NEL,Active,Contract,Zone B,Part-Time,Resignation,Expect kitchen even anyone. Without agent she.,IT/IS,Field Operations,22-11-1973,MA,Technician,Male,7728,White,Divorced,Fully Meets,4,0,No Exception,Ready for Payroll
2425,Alexzander,Guzman,19-Jun-22,20-May-23,Director of Operations,David Patel,alexzander.guzman@bilearner.com,MSC,Active,Contract,Zone C,Full-Time,Resignation,And even room after establish. Me single stage.,Production       ,Wireline Construction,15-06-1982,MA,Driver,Male,61895,Asian,Divorced,Fully Meets,2,0,No Exception,Ready for Payroll
1891,William,Douglas,25-Mar-20,,Production Technician I,Wendy Elliott,william.douglas@bilearner.com,NEL,Active,Full-Time,Zone C,Full-Time,Unk,,Production       ,Aerial,24-06-1946,MA,Labor,Female,6790,Hispanic,Married,Fully Meets,3,0,No Exception,Ready for Payroll
3957,Makaila,Nixon,03-Jan-22,,Database Administrator,Rose Conner,makaila.nixon@bilearner.com,MSC,Active,Contract,Zone C,Temporary,Unk,,IT/IS,Field Operations,02-01-1991,TX,Administration,Female,36554,Other,Divorced,Fully Meets,3,0,No Exception,Ready for Payroll
1775,Julie,Cochran,06-Oct-18,12-Dec-19,Production Technician I,Scott Smith,julie.cochran@bilearner.com,TNS,Active,Contract,Zone A,Full-Time,Involuntary,Sing participant involve themselves plan.,Production       ,Engineers,11-05-1997,MA,Engineer,Male,23434,Black,Single,Fully Meets,3,0,No Exception,Ready for Payroll
2433,Darryl,Wiley,22-Apr-20,03-Aug-22,Production Manager,Edwin Freeman,darryl.wiley@bilearner.com,MSC,Active,Contract,Zone C,Temporary,Retirement,Game play arm argue blood try here.,Production       ,Engineers,30-08-1976,MA,Project Manager,Male,28492,White,Widowed,Fully Meets,1,0,No Exception,Ready for Payroll
3976,Kinsley,Braun,22-Oct-21,,Sr. DBA,Curtis Mathis,kinsley.braun@bilearner.com,MSC,Active,Full-Time,Zone C,Temporary,Unk,,IT/IS,Field Operations,17-11-1991,MA,Laborer,Female,24094,White,Divorced,Fully Meets,3,1,Missing Clock Out,Review Required
1104,Sean,Bernstein,16-Jun-19,,Production Technician I,Matthew West,sean.bernstein@bilearner.com,PYZ,Active,Part-Time,Zone C,Temporary,Unk,,Production       ,General - Eng,14-09-1995,MA,Supervisor,Male,2072,Asian,Divorced,Fully Meets,3,0,No Exception,Ready for Payroll
2892,Laila,Wiggins,10-Apr-21,01-Nov-22,Production Technician I,Gregory Lee,laila.wiggins@bilearner.com,WBL,Active,Contract,Zone A,Full-Time,Resignation,Sure truth clear father experience can.,Production       ,Catv,06-12-1960,MA,Lineman,Male,26250,Hispanic,Divorced,Fully Meets,2,0,No Exception,Ready for Payroll
3132,Ximena,Suarez,27-Apr-20,18-Oct-22,Production Technician I,Brian Gregory,ximena.suarez@bilearner.com,EW,Active,Full-Time,Zone A,Full-Time,Involuntary,Program personal mean life source reach.,Production       ,Field Operations,20-09-1979,MA,Laborer,Female,12694,Asian,Divorced,Fully Meets,4,0,No Exception,Ready for Payroll
2073,Armani,Barker,03-Mar-23,06-Aug-23,Production Technician II,Daniel Lee,armani.barker@bilearner.com,PYZ,Active,Part-Time,Zone B,Full-Time,Involuntary,Drug remain total marriage ago raise.,Production       ,Field Operations,18-07-1956,MA,Manager,Female,52861,Hispanic,Single,Fully Meets,3,0,No Exception,Ready for Payroll
1213,Tamia,Sharp,23-Feb-20,,Production Technician II,Joe Miller,tamia.sharp@bilearner.com,MSC,Active,Part-Time,Zone A,Part-Time,Unk,,Production       ,Project Management - Con,22-03-1987,MA,Coordinator,Female,41849,White,Married,Fully Meets,3,1,Duplicate Punch,Review Required
3104,Ashton,Winters,29-May-22,,Production Technician I,Matthew Smith,ashton.winters@bilearner.com,PYZ,Active,Contract,Zone C,Part-Time,Unk,,Production       ,General - Con,14-01-1944,MA,Technician,Female,71716,Black,Married,Fully Meets,2,0,No Exception,Ready for Payroll
3056,Lyric,Butler,21-Jun-22,,Production Technician I,Brittany Johnson,lyric.butler@bilearner.com,MSC,Active,Part-Time,Zone A,Temporary,Unk,,Production       ,Wireless,29-10-1943,MA,Manager,Female,56056,Other,Divorced,Fully Meets,5,2,"Device Failure, Missing Clock Out",Review Required
2020,Angelique,Mathis,08-May-21,05-Aug-22,Production Technician II,Allison Fox,angelique.mathis@bilearner.com,TNS,Active,Part-Time,Zone A,Full-Time,Involuntary,Law safe yard market likely wife case action.,Production       ,Wireline Construction,14-02-1946,MA,Billing,Female,47869,Black,Widowed,Fully Meets,3,1,Missing Clock Out,Review Required
3539,Chaz,Bruce,08-Dec-19,,Area Sales Manager,John Johnson,chaz.bruce@bilearner.com,BPC,Active,Full-Time,Zone C,Temporary,Unk,,Sales,General - Con,27-11-1983,CO,Foreman,Male,74448,Hispanic,Single,Fully Meets,5,0,No Exception,Ready for Payroll
3837,Mia,Cowan,02-Oct-22,13-Nov-22,IT Support,Thomas Weaver,mia.cowan@bilearner.com,BPC,Active,Part-Time,Zone A,Part-Time,Resignation,Often my different just.,IT/IS,Finance & Accounting,27-08-1956,MA,Administrative,Male,72879,Other,Single,PIP,3,0,No Exception,Ready for Payroll
2750,Patrick,Moran,04-Jun-22,,Production Technician II,Timothy Roman,patrick.moran@bilearner.com,TNS,Active,Full-Time,Zone B,Full-Time,Unk,,Production       ,Field Operations,03-04-1949,MA,Laborer,Male,2127,Asian,Divorced,Fully Meets,4,1,Missing Clock Out,Review Required
3319,Madelynn,Murillo,09-Oct-19,,Production Technician II,Bradley Snyder,madelynn.murillo@bilearner.com,NEL,Active,Full-Time,Zone B,Temporary,Unk,,Production       ,Field Operations,25-01-1963,MA,Laborer,Female,34874,Hispanic,Married,Fully Meets,3,0,No Exception,Ready for Payroll
3257,Sanaa,Reilly,19-Nov-20,,Production Technician II,Jeffrey Terry,sanaa.reilly@bilearner.com,PL,Active,Full-Time,Zone A,Full-Time,Unk,,Production       ,Wireline Construction,10-04-1986,MA,Laborer,Female,89893,Other,Single,Fully Meets,3,0,No Exception,Ready for Payroll
1377,Larissa,Douglas,03-Mar-21,10-Jul-21,Administrative Assistant,Harry Ellis,larissa.douglas@bilearner.com,SVG,Active,Part-Time,Zone A,Full-Time,Resignation,Current budget certain interview increase.,Admin Offices,General - Con,18-05-1968,MA,Technician,Female,67773,White,Divorced,Exceeds,3,0,No Exception,Ready for Payroll
1396,Shari,Ngodup,04-May-19,15-Feb-21,Production Technician I,Jorge Taylor,shari.ngodup@bilearner.com,SVG,Active,Part-Time,Zone A,Full-Time,Resignation,Vote look produce consider Mr war.,Production       ,General - Eng,07-09-1956,MA,Engineer,Female,1810,Hispanic,Married,Exceeds,3,0,No Exception,Ready for Payroll
3810,Ann,Daniele,16-Feb-20,,Sr. Network Engineer,Thomas Wilson,ann.daniele@bilearner.com,PL,Active,Full-Time,Zone A,Temporary,Unk,,IT/IS,General - Sga,10-10-1959,CT,Administrator,Female,6033,Black,Single,Fully Meets,3,1,Missing Clock Out,Review Required
2640,Magdalena,Whitehead,28-Aug-21,06-Sep-22,Area Sales Manager,Jacob Perez,magdalena.whitehead@bilearner.com,BPC,Active,Contract,Zone B,Full-Time,Voluntary,Company set policy drop become single.,Sales,Wireline Construction,06-11-1962,AZ,Foreman,Male,9642,Black,Single,Fully Meets,4,0,No Exception,Ready for Payroll
2457,George,Meyers,24-Aug-18,,Production Manager,David Fox,george.meyers@bilearner.com,PL,Active,Part-Time,Zone A,Part-Time,Unk,,Production       ,Field Operations,14-04-1961,MA,Groundman,Male,82947,Hispanic,Single,Fully Meets,2,0,No Exception,Ready for Payroll
1573,Ryann,Tapia,17-Mar-21,,Production Technician I,Kim Mcintyre,ryann.tapia@bilearner.com,CCDR,Active,Contract,Zone A,Part-Time,Unk,,Production       ,Shop (Fleet),19-01-1985,MA,Manager,Female,21985,Other,Widowed,Fully Meets,3,0,No Exception,Ready for Payroll
2403,Ellis,Maldonado,06-Aug-20,29-Jul-22,Production Manager,Michael Hayes,ellis.maldonado@bilearner.com,BPC,Active,Full-Time,Zone C,Temporary,Retirement,Each himself anything you.,Production       ,Finance & Accounting,22-03-1958,MA,Administrative,Female,48453,Hispanic,Married,Fully Meets,4,0,No Exception,Ready for Payroll
2763,Paula,Gross,19-Oct-19,,Production Technician I,Katelyn Coleman,paula.gross@bilearner.com,NEL,Active,Part-Time,Zone C,Full-Time,Unk,,Production       ,Field Operations,18-05-1991,MA,Construction Manager,Female,2176,Hispanic,Single,Fully Meets,2,0,No Exception,Ready for Payroll
3421,Brenden,Leach,09-May-22,08-Sep-22,Production Technician I,Donna Lawson,brenden.leach@bilearner.com,PL,Active,Part-Time,Zone A,Part-Time,Retirement,Man the newspaper performance.,Production       ,Wireless,11-06-1959,MA,Foreman,Female,57340,Other,Divorced,Fully Meets,1,0,No Exception,Ready for Payroll
2039,Carson,Pennington,22-Apr-22,,Production Technician I,Andrea Riley,carson.pennington@bilearner.com,TNS,Active,Full-Time,Zone B,Full-Time,Unk,,Production       ,Field Operations,04-10-1957,MA,Operator,Female,29345,White,Single,Fully Meets,3,1,Duplicate Punch,Review Required
3640,Kale,House,07-Jan-23,,Production Technician I,Gina Leon,kale.house@bilearner.com,SVG,Active,Contract,Zone A,Temporary,Unk,,Production       ,Field Operations,21-09-2000,MA,Foreman,Female,48077,Asian,Divorced,Fully Meets,3,0,No Exception,Ready for Payroll
1655,Chloe,Gould,18-Jul-23,,Area Sales Manager,Lisa Thompson,chloe.gould@bilearner.com,TNS,Active,Part-Time,Zone A,Temporary,Unk,,IT/IS,Wireline Construction,01-09-1942,MA,Project Manager,Male,3563,Black,Married,Fully Meets,3,0,No Exception,Ready for Payroll
2934,Triston,Ewing,24-Oct-21,29-Aug-22,Production Technician I,Diana Stewart,triston.ewing@bilearner.com,WBL,Active,Contract,Zone B,Temporary,Resignation,Ball total direction school.,Production       ,Field Operations,14-11-1963,MA,Laborer,Male,63659,Asian,Widowed,Fully Meets,2,1,Missing Clock Out,Review Required
1427,Jean,Duffy,22-Feb-19,,Production Technician II,Barry Payne,jean.duffy@bilearner.com,CCDR,Active,Full-Time,Zone A,Part-Time,Unk,,Production       ,Engineers,09-05-1953,MA,Project Manager,Male,96208,Asian,Divorced,Needs Improvement,3,2,Device Failure,Review Required
3142,Ingrid,Wilkins,10-Feb-21,,Production Technician I,Theresa Foster,ingrid.wilkins@bilearner.com,CCDR,Active,Full-Time,Zone B,Part-Time,Unk,,Production       ,General - Con,20-07-1949,MA,Flagger,Female,49701,White,Single,Fully Meets,4,0,No Exception,Ready for Payroll
2953,Cannon,Morgan,05-Nov-19,,Production Technician I,Nicole Henderson,cannon.morgan@bilearner.com,TNS,Active,Full-Time,Zone B,Full-Time,Unk,,Production       ,Field Operations,19-03-1957,MA,Technician,Male,95723,Other,Widowed,Fully Meets,5,0,No Exception,Ready for Payroll
2682,Keagan,Hutchinson,28-Jul-20,,Area Sales Manager,Zachary Ortiz,keagan.hutchinson@bilearner.com,NEL,Active,Contract,Zone A,Temporary,Unk,,Sales,Field Operations,05-06-1976,NY,Supervisor,Male,73798,Asian,Widowed,Fully Meets,2,0,No Exception,Ready for Payroll
3174,Roy,Pratt,12-Oct-22,03-Jul-23,Production Technician I,Tracy Warner,roy.pratt@bilearner.com,BPC,Active,Full-Time,Zone C,Part-Time,Involuntary,Only something seven relate leg however.,Production       ,Catv,13-06-1961,MA,Foreman,Female,59255,Hispanic,Single,Fully Meets,5,0,No Exception,Ready for Payroll
1271,Harley,Abbott,26-Apr-20,,Production Technician I,Brenda Johnson,harley.abbott@bilearner.com,PYZ,Active,Full-Time,Zone A,Part-Time,Unk,,Production       ,General - Sga,16-11-1951,MA,Foreman,Female,95232,Asian,Widowed,Fully Meets,3,0,No Exception,Ready for Payroll
1716,Tyrell,Fuentes,02-Nov-20,21-Jun-22,BI Director,Steven Oliver,tyrell.fuentes@bilearner.com,NEL,Active,Contract,Zone C,Part-Time,Involuntary,Can conference couple similar anything.,IT/IS,General - Con,19-03-1961,MA,Flagger,Female,21457,Asian,Widowed,Fully Meets,3,0,No Exception,Ready for Payroll
1392,Jeanette,Tippett,07-Jun-19,15-Aug-19,Production Technician I,David Stephens,jeanette.tippett@bilearner.com,PL,Active,Part-Time,Zone A,Part-Time,Involuntary,Because wind like.,Production       ,Field Operations,25-02-1955,MA,Operator,Female,2093,Hispanic,Widowed,Exceeds,3,0,No Exception,Ready for Payroll
2393,Rhett,Holmes,05-Dec-18,15-Sep-21,Production Manager,Michael Morse,rhett.holmes@bilearner.com,NEL,Active,Full-Time,Zone C,Part-Time,Involuntary,Line believe write might anything yet.,Production       ,Engineers,04-09-1993,MA,Engineer,Female,79531,Other,Widowed,Fully Meets,5,0,No Exception,Ready for Payroll
3743,Mercedes,Cook,30-May-20,,Production Technician I,Stephanie Valdez,mercedes.cook@bilearner.com,WBL,Active,Contract,Zone A,Part-Time,Unk,,Production       ,General - Con,13-09-1950,MA,Locator,Male,13394,Black,Married,Fully Meets,2,0,No Exception,Ready for Payroll
1739,Hang T,Wolk,15-Jul-19,01-May-23,Production Technician II,Michael Farmer,hang t.wolk@bilearner.com,CCDR,Active,Contract,Zone B,Full-Time,Involuntary,Large relate work treatment Mrs.,Production       ,Aerial,11-01-1982,MA,Laborer,Female,2302,Hispanic,Married,Fully Meets,3,0,No Exception,Ready for Payroll
2634,Hezekiah,Mcgee,12-Mar-23,,Administrative Assistant,David Clark,hezekiah.mcgee@bilearner.com,PYZ,Active,Part-Time,Zone B,Temporary,Unk,,Sales,Field Operations,16-02-1943,WA,Technician,Female,12008,Asian,Single,Fully Meets,4,0,No Exception,Ready for Payroll
1468,Coleman,Bridges,27-Dec-18,,Production Technician I,Michael Flowers,coleman.bridges@bilearner.com,TNS,Active,Contract,Zone A,Part-Time,Unk,,Production       ,Field Operations,30-08-1965,MA,Laborer,Female,24605,Hispanic,Divorced,Exceeds,3,0,No Exception,Ready for Payroll
2530,Hana,Lucero,20-Oct-22,07-Jul-23,Software Engineer,Mr. John Long,hana.lucero@bilearner.com,PL,Active,Part-Time,Zone C,Temporary,Retirement,Scientist strong team civil quality.,Software Engineering,Yard (Material Handling),11-04-1980,MA,Attendant,Male,75065,White,Divorced,Fully Meets,2,0,No Exception,Ready for Payroll
1813,Valentin,Lam,04-Aug-20,,Production Technician I,James Meyer,valentin.lam@bilearner.com,NEL,Active,Contract,Zone C,Temporary,Unk,,Production       ,Aerial,12-01-1980,MA,Lineman,Female,61521,Other,Divorced,Fully Meets,3,0,No Exception,Ready for Payroll
2666,Kaylyn,Frye,07-Nov-18,08-Jan-22,Area Sales Manager,Taylor Lopez,kaylyn.frye@bilearner.com,PL,Active,Part-Time,Zone C,Full-Time,Retirement,Audience run degree that your beyond cell.,Sales,Yard (Material Handling),19-01-1946,WA,Runner,Female,91544,Other,Single,Fully Meets,4,0,No Exception,Ready for Payroll
3972,Eleanor,Patton,26-Jul-22,,Database Administrator,Raymond Wilson,eleanor.patton@bilearner.com,TNS,Active,Part-Time,Zone B,Part-Time,Unk,,IT/IS,General - Con,07-06-1955,TX,Foreman,Female,21727,Black,Divorced,Fully Meets,3,0,No Exception,Ready for Payroll
1989,Alec,Stephens,25-Feb-20,,Production Technician II,Jessica Garcia,alec.stephens@bilearner.com,PL,Active,Full-Time,Zone A,Temporary,Unk,,Production       ,Field Operations,14-06-2000,MA,Groundman,Female,51952,Other,Married,Fully Meets,3,0,No Exception,Ready for Payroll
3795,Kaitlynn,Serrano,14-Jul-22,,Production Technician I,Brandi Howell,kaitlynn.serrano@bilearner.com,CCDR,Active,Part-Time,Zone A,Part-Time,Unk,,Production       ,General - Sga,01-08-1989,MA,Manager,Male,59081,White,Divorced,Exceeds,3,0,No Exception,Ready for Payroll
1784,Trystan,Ramos,02-Aug-23,02-Aug-23,Production Technician I,Mr. John Thomas,trystan.ramos@bilearner.com,WBL,Active,Part-Time,Zone A,Temporary,Retirement,Need challenge education bank upon reach fall.,Production       ,General - Con,30-03-1971,MA,Technician,Female,14325,Other,Divorced,Fully Meets,3,0,No Exception,Ready for Payroll
2610,Ronald,Marquez,23-Sep-22,25-Jan-23,Area Sales Manager,Kelly James,ronald.marquez@bilearner.com,TNS,Active,Full-Time,Zone B,Full-Time,Retirement,Join difference order size occur entire sell.,Sales,General - Con,30-12-1947,TN,Foreman,Male,90224,White,Widowed,Fully Meets,2,0,No Exception,Ready for Payroll
2397,Marcos,Sloan,19-Sep-18,29-Apr-19,Production Manager,Barry Powell,marcos.sloan@bilearner.com,TNS,Active,Part-Time,Zone B,Full-Time,Retirement,Husband should TV sport message friend history.,Production       ,Field Operations,22-08-1990,MA,Laborer,Female,90692,Other,Widowed,Fully Meets,2,1,Duplicate Punch,Review Required
1780,Colton,Booker,10-Dec-22,11-Feb-23,Production Technician I,Jason Taylor,colton.booker@bilearner.com,BPC,Active,Contract,Zone C,Temporary,Retirement,Half nice continue serious move lay itself.,Production       ,Field Operations,11-07-1993,MA,Engineer,Female,17208,Hispanic,Widowed,Fully Meets,3,1,Device Failure,Review Required
3376,Maren,Anderson,06-Jul-23,,Production Technician I,Christopher Sexton,maren.anderson@bilearner.com,PL,Active,Part-Time,Zone B,Temporary,Unk,,Production       ,Field Operations,11-11-1986,MA,Technician,Female,7445,Asian,Single,Exceeds,5,1,Duplicate Punch,Review Required
3040,Areli,Torres,14-Dec-20,,Production Technician I,Caleb Floyd Jr.,areli.torres@bilearner.com,CCDR,Active,Full-Time,Zone A,Full-Time,Unk,,Production       ,Field Operations,01-02-1984,MA,Groundman,Female,31946,White,Divorced,Fully Meets,5,0,No Exception,Ready for Payroll
3299,Devyn,Pace,10-Nov-22,,Production Technician II,Tabitha Cunningham,devyn.pace@bilearner.com,MSC,Active,Part-Time,Zone A,Full-Time,Unk,,Production       ,Wireline Construction,10-06-1975,MA,Supervisor,Male,51576,White,Widowed,Fully Meets,4,0,No Exception,Ready for Payroll
3588,Selena,Greer,25-Jun-19,15-Aug-19,Production Technician I,Paul Lopez,selena.greer@bilearner.com,NEL,Active,Full-Time,Zone C,Full-Time,Retirement,Everybody no four arrive major ten culture.,Production       ,Shop (Fleet),08-03-1972,MA,Mechanic,Male,14504,Black,Widowed,Fully Meets,2,0,No Exception,Ready for Payroll
1099,Seffi,Shields,25-Mar-22,22-Apr-22,Production Technician I,Robert Sullivan,seffi.shields@bilearner.com,SVG,Active,Part-Time,Zone A,Part-Time,Retirement,Person say might throw war scientist.,Production       ,Field Operations,24-12-1971,MA,Laborer,Female,2149,Other,Single,Fully Meets,3,0,No Exception,Ready for Payroll
1022,Frederick,Howe,19-Sep-22,,Software Engineer,Nicole Haynes,frederick.howe@bilearner.com,PYZ,Active,Part-Time,Zone A,Temporary,Unk,,Software Engineering,Field Operations,11-06-1962,MA,Engineer,Male,12765,Black,Divorced,Fully Meets,3,0,No Exception,Ready for Payroll
3648,Keyon,Hensley,23-Feb-22,,Production Technician II,Peter Smith,keyon.hensley@bilearner.com,MSC,Active,Contract,Zone A,Full-Time,Unk,,Production       ,Aerial,27-06-1948,MA,Lineman,Female,76615,Other,Divorced,Exceeds,4,1,Duplicate Punch,Review Required
1091,Carl,Desimone,16-Nov-18,03-Apr-21,Production Technician I,Daniel Booth,carl.desimone@bilearner.com,PYZ,Active,Contract,Zone B,Temporary,Involuntary,Fine use card current agent.,Production       ,General - Sga,26-08-1986,MA,Supervisor,Male,2061,Asian,Single,Fully Meets,3,0,No Exception,Ready for Payroll
2019,Emery,Peck,26-Mar-22,,Production Technician II,Danielle Little,emery.peck@bilearner.com,SVG,Active,Full-Time,Zone C,Temporary,Unk,,Production       ,Field Operations,08-01-1977,MA,Laborer,Female,65810,White,Widowed,Fully Meets,3,0,No Exception,Ready for Payroll
2053,Kolten,Kim,27-Sep-21,,Production Technician I,Curtis Gonzales,kolten.kim@bilearner.com,EW,Active,Part-Time,Zone B,Temporary,Unk,,Production       ,Engineers,09-02-1989,MA,Engineer,Female,34501,White,Divorced,Fully Meets,3,0,No Exception,Ready for Payroll
3812,Sarah,Warfield,13-Feb-19,06-Aug-20,Sr. Network Engineer,Julie Lewis,sarah.warfield@bilearner.com,BPC,Active,Contract,Zone B,Full-Time,Resignation,Center west table security.,IT/IS,General - Eng,24-05-1985,MA,Administrative,Female,2453,Hispanic,Single,Fully Meets,3,0,No Exception,Ready for Payroll
1745,Lindsey,Langford,05-Feb-22,,Production Technician II,Erin Castro,lindsey.langford@bilearner.com,EW,Active,Contract,Zone C,Part-Time,Unk,,Production       ,Aerial,26-09-1989,MA,Foreman,Female,2090,Other,Widowed,Fully Meets,3,0,No Exception,Ready for Payroll
3703,Addisyn,Guerrero,31-Aug-20,26-Jun-22,Production Technician I,Cory Lee,addisyn.guerrero@bilearner.com,EW,Active,Part-Time,Zone A,Part-Time,Resignation,Tax herself interview maybe control.,Production       ,Engineers,15-02-1951,MA,Engineer,Female,87563,White,Widowed,Exceeds,4,0,No Exception,Ready for Payroll
2387,Gretchen,Richards,27-Jun-22,05-Jan-23,President & CEO,Brandi Lambert,gretchen.richards@bilearner.com,SVG,Active,Contract,Zone C,Temporary,Resignation,Somebody air turn. Dark civil any serious.,Production       ,Safety,28-05-1994,MA,Safety,Male,40201,Hispanic,Widowed,Fully Meets,1,1,Duplicate Punch,Review Required
1897,Danna,Rollins,14-Nov-21,,Production Technician II,Lauren Wilson,danna.rollins@bilearner.com,NEL,Active,Full-Time,Zone C,Temporary,Unk,,Production       ,Field Operations,20-07-1948,MA,Laborer,Male,38371,Asian,Divorced,Fully Meets,3,0,No Exception,Ready for Payroll
2815,Luke,Burke,23-Jul-23,,Production Technician I,David Smith,luke.burke@bilearner.com,EW,Active,Contract,Zone C,Part-Time,Unk,,Production       ,Project Management - Con,29-07-1978,MA,Manager,Female,62651,Asian,Single,Fully Meets,4,0,No Exception,Ready for Payroll
2052,Blaine,Contreras,10-Jun-20,13-Nov-22,Production Technician I,Dr. Donald Henry,blaine.contreras@bilearner.com,SVG,Active,Part-Time,Zone B,Part-Time,Involuntary,Mean car law read friend growth.,Production       ,Field Operations,12-05-1956,MA,Laborer,Female,61020,Hispanic,Married,Fully Meets,3,0,No Exception,Ready for Payroll
2035,Raymond,Gillespie,06-Jun-20,23-Nov-21,Production Technician I,Alicia Horton,raymond.gillespie@bilearner.com,CCDR,Active,Full-Time,Zone C,Full-Time,Retirement,Race a way theory analysis.,Production       ,Aerial,14-03-2001,MA,Lineman,Female,44292,Asian,Married,Fully Meets,3,0,No Exception,Ready for Payroll
1449,Tara,Alvarado,15-Nov-22,,Production Technician II,Ashley Gamble,tara.alvarado@bilearner.com,PL,Active,Part-Time,Zone B,Temporary,Unk,,Production       ,General - Sga,14-09-1965,MA,Administrator,Male,82061,Other,Divorced,Needs Improvement,3,0,No Exception,Ready for Payroll
2817,Camila,Hodges,11-Jan-23,,Production Technician I,Theresa Davis,camila.hodges@bilearner.com,TNS,Active,Contract,Zone A,Part-Time,Unk,,Production       ,Field Operations,12-09-1998,MA,Laborer,Male,79678,White,Widowed,Fully Meets,4,0,No Exception,Ready for Payroll
1555,Hazel,Ponce,27-Mar-19,,Production Technician II,Kenneth Reeves,hazel.ponce@bilearner.com,PL,Active,Part-Time,Zone A,Part-Time,Unk,,Production       ,Field Operations,26-04-1966,MA,Technician,Female,86977,Hispanic,Divorced,Fully Meets,3,0,No Exception,Ready for Payroll
2755,Michael,Carey,26-May-22,,Production Technician I,Connor Macdonald,michael.carey@bilearner.com,EW,Active,Contract,Zone B,Temporary,Unk,,Production       ,General - Con,20-11-1955,MA,Technician,Male,1701,Other,Single,Fully Meets,2,0,No Exception,Ready for Payroll
2551,Coby,Giles,04-May-23,02-Jul-23,Software Engineer,Edwin Chen,coby.giles@bilearner.com,NEL,Active,Full-Time,Zone B,Temporary,Voluntary,Will low work decade site.,Software Engineering,General - Con,12-05-1988,MA,Manager,Female,49964,Other,Widowed,Fully Meets,1,0,No Exception,Ready for Payroll
3014,Amelia,Gamble,23-Nov-22,09-Dec-22,Production Technician I,Danielle Long,amelia.gamble@bilearner.com,EW,Active,Contract,Zone B,Temporary,Resignation,Bring guy religious week second technology.,Production       ,Field Operations,17-07-1967,MA,Flagger,Male,81914,Hispanic,Single,PIP,2,0,No Exception,Ready for Payroll
1016,Jayda,Reese,21-Feb-20,29-May-21,Senior BI Developer,Tyler Davis,jayda.reese@bilearner.com,PL,Active,Part-Time,Zone B,Part-Time,Involuntary,Friend agree stock teach price fish.,Admin Offices,Shop (Fleet),08-03-1956,MA,Mechanic,Female,64065,White,Single,Fully Meets,3,0,No Exception,Ready for Payroll
1778,Cannon,Lee,25-Apr-19,,Production Technician I,Brandon Mcdonald,cannon.lee@bilearner.com,NEL,Active,Full-Time,Zone B,Full-Time,Unk,,Production       ,General - Con,18-05-1949,MA,Foreman,Female,91836,Other,Widowed,Fully Meets,3,0,No Exception,Ready for Payroll
1405,Shana,Petingill,08-Dec-18,11-Jun-22,Production Technician II,Lisa Peters,shana.petingill@bilearner.com,PL,Active,Part-Time,Zone A,Temporary,Involuntary,President TV note reach bad.,Production       ,Field Operations,30-03-1977,MA,Construction Manager,Female,2050,Other,Single,Exceeds,3,0,No Exception,Ready for Payroll
2086,Eliza,Munoz,31-May-21,12-Nov-21,Production Technician I,Steven Short,eliza.munoz@bilearner.com,PL,Active,Contract,Zone A,Part-Time,Retirement,Capital course trade.,Production       ,General - Con,14-11-1978,MA,Laborer,Female,26272,Asian,Divorced,Fully Meets,3,1,Device Failure,Review Required
2742,Samir,Gray,23-Apr-22,16-Dec-22,Area Sales Manager,Chad Boone,samir.gray@bilearner.com,PYZ,Active,Full-Time,Zone B,Full-Time,Retirement,Thing stock near question mouth.,Sales,Field Operations,09-10-1991,NH,Foreman,Male,47497,Asian,Married,Fully Meets,2,2,"Device Failure, Missing Clock Out",Review Required
2205,Gia,Franco,13-Apr-22,30-Jul-23,Production Technician I,Jason Boyd,gia.franco@bilearner.com,BPC,Active,Full-Time,Zone B,Full-Time,Involuntary,Article machine reflect land lose simply medical.,Production       ,General - Sga,13-01-1944,MA,Administrator,Female,32235,Black,Divorced,Needs Improvement,4,0,No Exception,Ready for Payroll
3691,Chace,Church,23-Nov-20,,Production Technician I,David Valenzuela,chace.church@bilearner.com,TNS,Active,Part-Time,Zone C,Full-Time,Unk,,Production       ,Finance & Accounting,03-01-1993,MA,Manager,Male,34316,Asian,Single,Needs Improvement,1,0,No Exception,Ready for Payroll
3087,Corinne,Campos,03-Jul-23,,Production Technician I,Duane Kelly,corinne.campos@bilearner.com,CCDR,Active,Contract,Zone B,Part-Time,Unk,,Production       ,Project Management - Con,08-02-1948,MA,Coordinator,Female,51274,Black,Married,Fully Meets,4,0,No Exception,Ready for Payroll
2139,Kaleb,Elliott,05-May-20,,Production Technician II,Laura Fernandez,kaleb.elliott@bilearner.com,MSC,Active,Part-Time,Zone B,Full-Time,Unk,,Production       ,Aerial,30-03-1968,MA,Laborer,Female,3763,White,Widowed,Exceeds,2,0,No Exception,Ready for Payroll
2937,Kianna,Wilkerson,01-Aug-20,,Production Technician I,Amy Dominguez,kianna.wilkerson@bilearner.com,BPC,Active,Contract,Zone A,Temporary,Unk,,Production       ,Yard (Material Handling),23-07-1952,MA,Supervisor,Male,53421,Black,Married,Needs Improvement,2,0,No Exception,Ready for Payroll
2714,Julie,Lloyd,23-Feb-23,20-Apr-23,Area Sales Manager,Keith Martinez,julie.lloyd@bilearner.com,NEL,Active,Part-Time,Zone C,Temporary,Resignation,Break price parent seat natural whatever.,Sales,Field Operations,11-07-1972,WA,Tower Hand,Male,3780,Asian,Widowed,Fully Meets,1,0,No Exception,Ready for Payroll
2694,Adam,Beltran,26-May-23,14-Jul-23,Area Sales Manager,Mackenzie Cole,adam.beltran@bilearner.com,MSC,Active,Full-Time,Zone C,Full-Time,Involuntary,Movie before ability. Seem watch deal center.,Sales,Engineers,15-12-1980,ID,Director,Male,16500,Black,Widowed,Fully Meets,4,0,No Exception,Ready for Payroll
1832,April,Bentley,03-Nov-19,,Production Technician I,Bradley Randall,april.bentley@bilearner.com,NEL,Active,Contract,Zone A,Part-Time,Unk,,Production       ,Engineers,01-06-1956,MA,Engineer,Female,70743,White,Married,Needs Improvement,3,0,No Exception,Ready for Payroll
1378,Konnor,Rivas,13-Jun-22,,Accountant I,Michael Mathis,konnor.rivas@bilearner.com,EW,Active,Full-Time,Zone C,Part-Time,Unk,,Admin Offices,Fielders,06-03-1975,MA,Engineer,Female,12640,White,Married,PIP,3,1,Device Failure,Review Required
3291,Shamar,Serrano,01-Aug-23,,Production Technician I,Dustin Hoffman,shamar.serrano@bilearner.com,WBL,Active,Contract,Zone C,Full-Time,Unk,,Production       ,General - Con,09-08-1957,MA,Flagger,Male,50905,Hispanic,Married,Fully Meets,2,0,No Exception,Ready for Payroll
2978,Sam,Athwal,16-Aug-22,,Production Technician I,Jeremy Taylor,sam.athwal@bilearner.com,CCDR,Active,Full-Time,Zone C,Part-Time,Unk,,Production       ,Yard (Material Handling),11-09-1981,MA,Supervisor,Male,2199,Hispanic,Divorced,Fully Meets,4,0,No Exception,Ready for Payroll
2706,Yadiel,Riggs,13-Dec-18,13-Jan-19,Area Sales Manager,Eric Byrd,yadiel.riggs@bilearner.com,NEL,Active,Part-Time,Zone A,Part-Time,Involuntary,Can last meet shake imagine he.,Sales,Field Operations,24-09-1975,NC,Electrician,Male,39922,Asian,Widowed,Fully Meets,2,0,No Exception,Ready for Payroll
1624,Charlie,Wang,12-May-23,16-May-23,Senior BI Developer,Maria Rivera,charlie.wang@bilearner.com,WBL,Active,Full-Time,Zone A,Temporary,Resignation,Call certain industry out believe show.,IT/IS,Field Operations,22-10-1996,MA,Top Hand,Male,1887,White,Widowed,Needs Improvement,3,1,Duplicate Punch,Review Required
1970,Trina,Alagbe,21-Apr-22,21-Apr-22,Production Technician I,Mark Bradley,trina.alagbe@bilearner.com,PYZ,Active,Part-Time,Zone C,Temporary,Retirement,Push must right.,Production       ,Field Operations,17-04-1952,MA,Foreman,Female,1886,Other,Single,Fully Meets,3,0,No Exception,Ready for Payroll
3036,Reece,Potts,05-Jul-20,,Production Technician I,Barbara Perkins,reece.potts@bilearner.com,WBL,Active,Full-Time,Zone B,Temporary,Unk,,Production       ,Technology / It,28-06-1957,MA,Administrator,Female,94333,White,Widowed,Fully Meets,2,0,No Exception,Ready for Payroll
2027,Liam,Figueroa,22-May-19,,Production Technician I,Michael Ortiz,liam.figueroa@bilearner.com,EW,Active,Part-Time,Zone A,Full-Time,Unk,,Production       ,Fielders,04-08-1974,MA,Engineer,Female,42458,Black,Single,Fully Meets,3,0,No Exception,Ready for Payroll
3101,Bethany,Mckay,23-Jan-23,,Production Technician I,Erica Harper,bethany.mckay@bilearner.com,EW,Active,Full-Time,Zone B,Full-Time,Unk,,Production       ,General - Con,09-03-1961,MA,Technician,Female,79029,Asian,Single,Fully Meets,2,0,No Exception,Ready for Payroll
2048,Khalil,Lee,07-Feb-22,,Production Technician II,Adam Bates,khalil.lee@bilearner.com,PYZ,Active,Contract,Zone B,Part-Time,Unk,,Production       ,Aerial,06-04-1995,MA,Laborer,Female,4321,Asian,Married,Fully Meets,3,0,No Exception,Ready for Payroll
2665,Abdiel,Good,15-Mar-20,,Area Sales Manager,Jessica Harrison,abdiel.good@bilearner.com,NEL,Active,Contract,Zone A,Part-Time,Unk,,Sales,Splicing,14-07-1991,NY,Splicer,Male,33859,Hispanic,Married,Fully Meets,4,0,No Exception,Ready for Payroll
3721,Johnny,Goodman,12-Feb-20,07-Apr-20,Production Technician I,Loretta Gonzalez,johnny.goodman@bilearner.com,NEL,Active,Full-Time,Zone B,Full-Time,Resignation,Recent agent choose dark hard eye.,Production       ,Fielders,24-03-1960,MA,Engineer,Male,24794,Black,Widowed,Fully Meets,2,0,No Exception,Ready for Payroll
2674,Clay,Compton,15-Jul-22,,Area Sales Manager,Kevin Parrish,clay.compton@bilearner.com,BPC,Active,Part-Time,Zone A,Part-Time,Unk,,Sales,Fielders,16-12-1968,AZ,Engineer,Male,31528,White,Widowed,Fully Meets,1,0,No Exception,Ready for Payroll
1974,Jene'ya,Darson,14-Apr-21,,Production Technician I,Robert Joseph,jene'ya.darson@bilearner.com,NEL,Active,Part-Time,Zone A,Temporary,Unk,,Production       ,Aerial,29-12-1968,MA,Supervisor,Female,2110,White,Widowed,Fully Meets,3,0,No Exception,Ready for Payroll
1493,Bradley,Barnes,03-Aug-22,,Production Technician II,Kimberly Rivera,bradley.barnes@bilearner.com,SVG,Active,Full-Time,Zone B,Temporary,Unk,,Production       ,Field Operations,19-07-1980,MA,Laborer,Male,57107,Black,Married,Fully Meets,3,0,No Exception,Ready for Payroll
3749,Kayden,Soto,16-Feb-21,,Production Technician I,Samantha Pugh,kayden.soto@bilearner.com,EW,Active,Full-Time,Zone A,Full-Time,Unk,,Production       ,Project Management - Eng,02-05-1985,MA,Planner,Female,27488,Other,Married,Fully Meets,4,0,No Exception,Ready for Payroll
2496,Selina,Mullins,28-Sep-20,27-Mar-23,Director of Sales,Brian Thompson,selina.mullins@bilearner.com,PL,Active,Part-Time,Zone B,Temporary,Retirement,Reduce evidence policy clear nothing at.,IT/IS,Underground,18-03-1961,MA,Operator,Male,55912,Other,Single,Fully Meets,2,0,No Exception,Ready for Payroll
2545,Odin,Key,22-Dec-18,,IT Manager - DB,Michael Whitehead,odin.key@bilearner.com,PYZ,Active,Contract,Zone B,Full-Time,Unk,,IT/IS,Project Management - Con,08-10-1951,MA,Coordinator,Male,57785,Hispanic,Widowed,Fully Meets,4,0,No Exception,Ready for Payroll
3916,Jonas,Rowland,27-Jun-22,,Network Engineer,Stephanie Harris,jonas.rowland@bilearner.com,WBL,Active,Part-Time,Zone C,Temporary,Unk,,IT/IS,Project Management - Con,25-05-1964,MA,Coordinator,Male,14939,Other,Widowed,Fully Meets,3,0,No Exception,Ready for Payroll
2748,Melinda,Saar-Beckles,11-Jul-22,,Production Technician I,Deanna Kerr,melinda.saar-beckles@bilearner.com,PYZ,Active,Full-Time,Zone C,Full-Time,Unk,,Production       ,General - Sga,15-06-1964,MA,Laborer,Female,1801,Hispanic,Widowed,Fully Meets,1,0,No Exception,Ready for Payroll
2770,Neveah,Bird,05-Jul-21,,Production Technician I,Richard Davis,neveah.bird@bilearner.com,PL,Active,Part-Time,Zone A,Part-Time,Unk,,Production       ,Field Operations,19-11-1945,MA,Laborer,Male,65497,Black,Divorced,Fully Meets,5,1,Missing Clock Out,Review Required
3546,Paris,Carr,31-Jul-21,27-Jan-23,Area Sales Manager,Jeffrey Huffman,paris.carr@bilearner.com,CCDR,Active,Full-Time,Zone B,Part-Time,Voluntary,Baby million million soldier.,Sales,General - Con,14-07-1980,ND,Foreman,Male,35786,Hispanic,Widowed,Exceeds,1,0,No Exception,Ready for Payroll
1712,Quintin,Hicks,12-Dec-18,,Senior BI Developer,Joanna Lewis,quintin.hicks@bilearner.com,CCDR,Active,Full-Time,Zone A,Temporary,Unk,,IT/IS,Engineers,29-02-1972,MA,Engineer,Female,72035,Black,Single,Fully Meets,3,0,No Exception,Ready for Payroll
2683,Charlize,Ballard,31-Dec-21,,Area Sales Manager,Kimberly Soto,charlize.ballard@bilearner.com,PL,Active,Contract,Zone A,Temporary,Unk,,Sales,General - Con,14-10-1952,WA,Laborer,Female,86439,Other,Divorced,Fully Meets,4,0,No Exception,Ready for Payroll
1800,Kyan,Morrison,18-Oct-19,19-Apr-21,Production Technician I,Bethany Wilkerson,kyan.morrison@bilearner.com,TNS,Active,Part-Time,Zone C,Full-Time,Resignation,Own while top huge.,Production       ,Wireline Construction,05-04-1976,MA,Lineman,Female,57065,Black,Divorced,Fully Meets,3,0,No Exception,Ready for Payroll
3636,Marc,Chandler,29-Jan-20,,Production Technician I,Jennifer Soto,marc.chandler@bilearner.com,NEL,Active,Contract,Zone B,Temporary,Unk,,Production       ,Catv,13-03-1982,MA,Supervisor,Male,10775,Asian,Divorced,Fully Meets,3,0,No Exception,Ready for Payroll
2468,Kailyn,Torres,06-May-19,,Production Manager,Justin Cook,kailyn.torres@bilearner.com,MSC,Active,Part-Time,Zone A,Part-Time,Unk,,Production       ,General - Con,15-11-1957,MA,Laborer,Male,53359,Hispanic,Married,Fully Meets,5,0,No Exception,Ready for Payroll
1987,Chase,Horn,09-Nov-18,,Production Technician I,Richard Davis II,chase.horn@bilearner.com,MSC,Active,Full-Time,Zone C,Part-Time,Unk,,Production       ,General - Sga,27-05-1967,MA,Administrator,Female,75570,White,Single,Fully Meets,3,0,No Exception,Ready for Payroll
2726,Martin,Herrera,12-May-21,07-Nov-21,Area Sales Manager,Rachel White,martin.herrera@bilearner.com,TNS,Active,Contract,Zone B,Full-Time,Retirement,Vote yard sign address lead knowledge front.,Sales,Wireline Construction,23-02-1971,NY,Groundman,Male,20036,Asian,Single,Fully Meets,2,0,No Exception,Ready for Payroll
2441,Camden,Mcclure,14-Jul-21,,President & CEO,Barry Mcfarland,camden.mcclure@bilearner.com,SVG,Active,Contract,Zone B,Part-Time,Unk,,Production       ,General - Sga,19-12-1973,MA,Recruiter,Male,94258,Hispanic,Married,Fully Meets,2,0,No Exception,Ready for Payroll
3146,Abril,Joseph,16-Dec-18,,Production Technician I,Gregory Hall,abril.joseph@bilearner.com,TNS,Active,Part-Time,Zone C,Temporary,Unk,,Production       ,Project Management - Con,18-10-1978,MA,Coordinator,Female,19021,White,Widowed,Fully Meets,4,0,No Exception,Ready for Payroll
1391,Taylor,Sparks,02-Apr-20,,Production Technician I,Janet Jones,taylor.sparks@bilearner.com,MSC,Active,Contract,Zone A,Temporary,Unk,,Production       ,Wireless,18-11-1941,MA,Supervisor,Female,2093,Other,Single,Needs Improvement,3,0,No Exception,Ready for Payroll
3649,Elisha,Ruiz,13-Aug-22,,Production Technician II,Stephen Green,elisha.ruiz@bilearner.com,TNS,Active,Contract,Zone A,Part-Time,Unk,,Production       ,Field Operations,06-06-1968,MA,Technician,Female,26602,White,Married,Exceeds,4,0,No Exception,Ready for Payroll
3760,Ryan,Tate,24-Aug-21,,Production Technician I,Sherry Morris,ryan.tate@bilearner.com,MSC,Active,Full-Time,Zone A,Part-Time,Unk,,Production       ,General - Con,12-02-1960,MA,Technician,Male,20814,Other,Widowed,Fully Meets,3,2,Missing Clock Out,Review Required
1431,Kaley,Ali,15-Mar-19,,Production Technician II,Samantha Ross,kaley.ali@bilearner.com,TNS,Active,Full-Time,Zone B,Full-Time,Unk,,Production       ,Field Operations,31-10-1951,MA,Laborer,Female,16451,Black,Widowed,Exceeds,3,0,No Exception,Ready for Payroll
3752,Deven,Morse,06-Jul-22,,Production Technician I,Morgan Ross,deven.morse@bilearner.com,PYZ,Active,Full-Time,Zone A,Temporary,Unk,,Production       ,Engineers,12-10-1954,MA,Engineer,Male,11664,White,Divorced,Fully Meets,2,0,No Exception,Ready for Payroll
3970,Macy,Webster,04-Oct-20,27-Apr-23,Database Administrator,Cynthia Gardner,macy.webster@bilearner.com,PYZ,Active,Part-Time,Zone B,Full-Time,Voluntary,Push reflect pay similar movement others morning.,IT/IS,Field Operations,08-11-1950,MA,Foreman,Female,44077,Other,Married,Exceeds,3,0,No Exception,Ready for Payroll
2570,Ayden,Wu,16-Jun-19,21-May-23,IT Director,Tamara Adkins,ayden.wu@bilearner.com,NEL,Active,Contract,Zone A,Full-Time,Voluntary,War model build important determine.,IT/IS,Field Operations,18-11-1991,MA,Laborer,Male,60717,Black,Single,Fully Meets,4,0,No Exception,Ready for Payroll
2178,Francis,Robbins,01-Nov-22,,Production Technician I,Amy Hinton,francis.robbins@bilearner.com,WBL,Active,Contract,Zone B,Part-Time,Unk,,Production       ,Fielders,30-08-1990,MA,Engineer,Female,86281,Hispanic,Married,PIP,4,0,No Exception,Ready for Payroll
1679,Sage,Morris,16-May-21,14-Apr-22,Senior BI Developer,Susan Barrett,sage.morris@bilearner.com,BPC,Active,Part-Time,Zone C,Part-Time,Voluntary,Hope notice white husband turn manage.,Admin Offices,Engineers,14-12-1944,MA,Project Manager,Male,42691,Black,Widowed,Fully Meets,3,1,Missing Clock Out,Review Required
1198,Audrey,Stevens,22-Jan-19,,Production Technician I,Daniel Blackburn,audrey.stevens@bilearner.com,NEL,Active,Contract,Zone B,Part-Time,Unk,,Production       ,Field Operations,28-09-1952,MA,Laborer,Female,61843,Asian,Married,Fully Meets,3,0,No Exception,Ready for Payroll
2404,Alena,Ibarra,26-Jun-19,27-Jan-20,Production Manager,Brandy Coleman,alena.ibarra@bilearner.com,CCDR,Active,Contract,Zone C,Temporary,Voluntary,Into go between. Before number education fast.,Production       ,General - Con,19-05-1949,MA,Manager,Female,25247,White,Divorced,Fully Meets,2,0,No Exception,Ready for Payroll
2037,Ian,Hester,09-Jan-21,14-May-22,Production Technician I,Keith Morrison,ian.hester@bilearner.com,EW,Active,Contract,Zone C,Full-Time,Involuntary,Present trip year.,Production       ,General - Con,27-08-1945,MA,Clerk,Female,14973,White,Married,Fully Meets,3,0,No Exception,Ready for Payroll
1610,Raegan,Spence,09-Nov-19,18-Nov-19,Production Technician I,Wendy Williamson,raegan.spence@bilearner.com,EW,Active,Part-Time,Zone B,Full-Time,Involuntary,Option action around live school rich spend.,Production       ,General - Con,28-01-1986,MA,Flagger,Female,67750,White,Single,Needs Improvement,3,0,No Exception,Ready for Payroll
